Date,TransportType,Route,DepartureTime,ArrivalTime,Passengers,DepartureStation,ArrivalStation,Delay
2023-01-01,Train,Route_3,15:06,16:22,49,Station_18,Station_2,29
2023-01-01,Metro,Route_10,08:09,09:17,42,Station_7,Station_11,28
2023-01-01,Bus,Route_5,11:53,14:11,66,Station_8,Station_7,45
2023-01-01,Train,Route_5,09:16,11:39,48,Station_13,Station_7,56
2023-01-01,Train,Route_3,05:54,07:48,10,Station_2,Station_20,56
2023-01-01,Tram,Route_9,16:05,17:40,79,Station_17,Station_10,57
2023-01-01,Metro,Route_6,05:24,07:52,4,Station_7,Station_16,32
2023-01-01,Tram,Route_8,21:56,24:38,75,Station_19,Station_2,65
2023-01-01,Metro,Route_7,07:27,09:23,1,Station_4,Station_2,52
2023-01-01,Train,Route_4,11:50,12:46,70,Station_9,Station_2,41
2023-01-01,Tram,Route_3,05:12,05:37,36,Station_16,Station_17,13
2023-01-01,Bus,Route_8,09:23,10:29,5,Station_5,Station_6,55
2023-01-01,Tram,Route_8,16:43,17:30,27,Station_11,Station_8,33
2023-01-01,Bus,Route_6,12:01,14:10,88,Station_6,Station_6,47
2023-01-01,Train,Route_8,07:50,09:53,84,Station_7,Station_2,41
2023-01-01,Tram,Route_7,11:09,12:06,16,Station_18,Station_20,35
2023-01-01,Bus,Route_1,12:28,13:30,100,Station_17,Station_11,51
2023-01-01,Tram,Route_2,10:57,11:29,36,Station_11,Station_5,20
2023-01-01,Bus,Route_3,12:32,13:31,41,Station_15,Station_12,33
2023-01-01,Tram,Route_9,21:41,24:23,24,Station_3,Station_7,55
2023-01-01,Tram,Route_4,08:34,09:34,100,Station_16,Station_9,49
2023-01-01,Bus,Route_1,10:06,11:16,89,Station_16,Station_12,24
2023-01-01,Tram,Route_7,20:15,21:40,33,Station_3,Station_2,71
2023-01-01,Tram,Route_8,14:17,16:40,74,Station_19,Station_8,62
2023-01-01,Bus,Route_6,06:13,07:54,57,Station_10,Station_2,62
2023-01-01,Tram,Route_8,17:27,18:39,13,Station_7,Station_8,19
2023-01-01,Bus,Route_5,17:08,18:52,56,Station_5,Station_14,31
2023-01-01,Metro,Route_2,15:09,17:04,41,Station_11,Station_13,44
2023-01-01,Bus,Route_8,20:24,22:07,2,Station_9,Station_9,51
2023-01-01,Tram,Route_1,18:20,19:59,7,Station_20,Station_18,36
2023-01-01,Tram,Route_2,21:37,22:41,71,Station_9,Station_7,36
2023-01-01,Metro,Route_7,17:10,19:01,92,Station_19,Station_20,46
2023-01-02,Bus,Route_7,12:16,13:52,81,Station_10,Station_11,5
2023-01-02,Tram,Route_4,21:24,21:59,5,Station_5,Station_17,13
2023-01-02,Tram,Route_1,14:37,15:25,41,Station_1,Station_17,2
2023-01-02,Train,Route_10,15:20,16:21,43,Station_8,Station_10,0
2023-01-02,Train,Route_6,07:47,09:22,30,Station_3,Station_17,13
2023-01-02,Metro,Route_2,14:27,15:03,9,Station_8,Station_10,0
2023-01-02,Tram,Route_8,10:49,11:46,64,Station_1,Station_18,5
2023-01-02,Metro,Route_9,07:48,09:39,89,Station_3,Station_9,4
2023-01-02,Train,Route_2,05:51,06:46,6,Station_8,Station_12,2
2023-01-02,Tram,Route_2,20:14,21:25,73,Station_19,Station_11,3
2023-01-02,Train,Route_3,08:07,08:34,39,Station_2,Station_3,15
2023-01-02,Train,Route_3,12:19,12:53,46,Station_9,Station_14,15
2023-01-02,Bus,Route_2,18:14,20:04,96,Station_7,Station_6,10
2023-01-02,Bus,Route_10,19:54,21:20,98,Station_8,Station_4,15
2023-01-02,Metro,Route_7,09:51,11:35,72,Station_7,Station_11,13
2023-01-02,Train,Route_9,06:13,08:13,77,Station_8,Station_6,0
2023-01-02,Tram,Route_10,07:55,09:31,87,Station_13,Station_11,10
2023-01-02,Metro,Route_6,12:35,14:01,64,Station_19,Station_14,4
2023-01-02,Train,Route_10,12:42,14:01,15,Station_5,Station_9,8
2023-01-02,Bus,Route_7,11:52,12:52,96,Station_15,Station_3,15
2023-01-02,Train,Route_6,09:45,11:37,98,Station_1,Station_16,11
2023-01-02,Bus,Route_5,19:45,21:49,47,Station_17,Station_18,7
2023-01-02,Tram,Route_5,14:59,17:12,14,Station_6,Station_1,15
2023-01-02,Train,Route_6,18:51,19:27,9,Station_1,Station_1,15
2023-01-02,Bus,Route_4,13:28,13:47,48,Station_2,Station_3,14
2023-01-02,Bus,Route_7,03:53,05:48,2,Station_11,Station_20,13
2023-01-02,Metro,Route_4,08:00,09:30,30,Station_9,Station_13,14
2023-01-02,Metro,Route_1,07:53,09:40,32,Station_14,Station_20,11
2023-01-02,Tram,Route_7,09:32,09:50,43,Station_6,Station_7,14
2023-01-02,Tram,Route_9,13:10,14:22,76,Station_10,Station_19,1
2023-01-02,Train,Route_10,13:24,14:01,59,Station_10,Station_5,4
2023-01-02,Bus,Route_9,22:38,23:38,97,Station_15,Station_18,8
2023-01-03,Bus,Route_5,11:55,13:53,29,Station_3,Station_5,14
2023-01-03,Metro,Route_6,14:12,15:07,87,Station_3,Station_17,12
2023-01-03,Train,Route_7,14:03,15:07,94,Station_14,Station_16,15
2023-01-03,Train,Route_4,05:50,06:21,48,Station_5,Station_18,12
2023-01-03,Metro,Route_5,16:09,17:41,8,Station_10,Station_7,10
2023-01-03,Tram,Route_7,06:59,08:00,34,Station_17,Station_19,0
2023-01-03,Train,Route_1,18:24,20:26,71,Station_20,Station_11,2
2023-01-03,Train,Route_5,14:10,15:21,6,Station_8,Station_11,9
2023-01-03,Train,Route_3,05:44,06:48,27,Station_19,Station_12,5
2023-01-03,Metro,Route_3,09:15,09:52,15,Station_20,Station_2,7
2023-01-03,Train,Route_4,13:22,13:35,13,Station_17,Station_5,8
2023-01-03,Train,Route_10,06:41,07:17,93,Station_6,Station_9,12
2023-01-03,Bus,Route_9,16:18,18:30,5,Station_9,Station_14,12
2023-01-03,Train,Route_8,18:19,19:07,99,Station_3,Station_15,2
2023-01-03,Bus,Route_1,13:37,15:37,98,Station_4,Station_4,11
2023-01-03,Train,Route_9,21:06,21:24,87,Station_13,Station_15,7
2023-01-03,Bus,Route_10,06:31,08:28,1,Station_20,Station_16,3
2023-01-03,Metro,Route_7,20:43,21:20,65,Station_17,Station_6,14
2023-01-03,Tram,Route_3,18:22,18:48,19,Station_11,Station_12,8
2023-01-03,Metro,Route_8,08:17,09:24,15,Station_13,Station_12,10
2023-01-03,Tram,Route_6,20:24,21:15,30,Station_2,Station_19,13
2023-01-03,Bus,Route_6,16:00,17:48,34,Station_20,Station_18,7
2023-01-03,Metro,Route_10,14:54,15:50,75,Station_5,Station_10,12
2023-01-03,Bus,Route_8,21:02,22:41,95,Station_15,Station_4,0
2023-01-03,Metro,Route_6,14:39,16:21,100,Station_7,Station_4,6
2023-01-03,Tram,Route_2,16:28,17:45,75,Station_10,Station_20,15
2023-01-03,Tram,Route_2,19:20,20:04,95,Station_10,Station_8,15
2023-01-03,Metro,Route_9,07:10,08:52,32,Station_6,Station_8,0
2023-01-03,Train,Route_4,08:38,09:28,10,Station_11,Station_13,8
2023-01-03,Tram,Route_2,12:50,14:54,75,Station_15,Station_17,6
2023-01-03,Train,Route_9,09:49,11:44,50,Station_16,Station_7,15
2023-01-03,Tram,Route_2,13:11,14:25,36,Station_11,Station_16,8
2023-01-04,Tram,Route_7,15:35,17:26,81,Station_14,Station_8,11
2023-01-04,Train,Route_1,17:45,19:03,97,Station_13,Station_4,12
2023-01-04,Train,Route_10,17:24,17:51,14,Station_12,Station_19,8
2023-01-04,Metro,Route_2,07:34,08:55,69,Station_16,Station_2,2
2023-01-04,Bus,Route_6,18:27,18:49,43,Station_17,Station_18,1
2023-01-04,Metro,Route_2,12:56,14:13,54,Station_4,Station_9,10
2023-01-04,Bus,Route_5,21:28,23:11,50,Station_7,Station_13,8
2023-01-04,Train,Route_1,18:50,20:21,86,Station_6,Station_19,14
2023-01-04,Metro,Route_8,16:05,17:22,74,Station_4,Station_14,12
2023-01-04,Tram,Route_7,07:43,08:52,83,Station_19,Station_20,13
2023-01-04,Tram,Route_7,18:03,18:54,39,Station_1,Station_16,11
2023-01-04,Train,Route_5,08:32,09:32,74,Station_5,Station_11,12
2023-01-04,Metro,Route_7,16:42,16:58,36,Station_13,Station_20,11
2023-01-04,Train,Route_9,07:36,09:43,13,Station_17,Station_14,12
2023-01-04,Bus,Route_2,17:07,18:47,99,Station_9,Station_10,7
2023-01-04,Metro,Route_3,08:08,08:59,75,Station_13,Station_6,15
2023-01-04,Train,Route_7,09:43,11:48,27,Station_7,Station_9,15
2023-01-04,Train,Route_10,11:33,12:41,43,Station_18,Station_1,10
2023-01-04,Bus,Route_4,17:03,18:59,3,Station_11,Station_10,14
2023-01-04,Metro,Route_9,12:48,13:18,85,Station_6,Station_4,11
2023-01-04,Metro,Route_4,13:43,15:45,67,Station_18,Station_14,10
2023-01-04,Bus,Route_7,21:35,23:10,23,Station_8,Station_15,8
2023-01-04,Train,Route_6,13:58,14:22,21,Station_1,Station_11,4
2023-01-04,Tram,Route_8,17:19,19:13,35,Station_3,Station_2,4
2023-01-04,Train,Route_6,21:31,22:44,48,Station_10,Station_18,5
2023-01-04,Train,Route_5,19:05,20:05,96,Station_11,Station_8,6
2023-01-04,Metro,Route_9,06:32,07:13,85,Station_2,Station_18,5
2023-01-04,Bus,Route_9,09:49,10:14,11,Station_3,Station_3,9
2023-01-04,Bus,Route_6,13:08,15:21,82,Station_16,Station_3,15
2023-01-04,Bus,Route_9,20:29,22:01,1,Station_20,Station_11,4
2023-01-04,Bus,Route_4,08:35,10:43,23,Station_19,Station_14,15
2023-01-04,Metro,Route_7,15:02,15:51,38,Station_1,Station_7,4
2023-01-05,Bus,Route_2,05:59,08:02,20,Station_4,Station_11,14
2023-01-05,Train,Route_10,17:23,18:25,46,Station_17,Station_4,15
2023-01-05,Metro,Route_3,05:56,07:27,56,Station_8,Station_1,13
2023-01-05,Metro,Route_7,20:29,21:44,59,Station_2,Station_14,1
2023-01-05,Train,Route_4,14:42,16:34,42,Station_10,Station_19,9
2023-01-05,Bus,Route_6,07:26,08:15,30,Station_20,Station_3,14
2023-01-05,Tram,Route_1,06:07,06:37,89,Station_19,Station_18,4
2023-01-05,Tram,Route_1,19:27,20:00,30,Station_7,Station_7,13
2023-01-05,Train,Route_3,07:26,08:56,60,Station_13,Station_9,2
2023-01-05,Train,Route_10,10:34,11:06,24,Station_17,Station_17,15
2023-01-05,Bus,Route_10,22:57,24:38,48,Station_10,Station_13,7
2023-01-05,Train,Route_2,12:57,13:12,57,Station_13,Station_3,1
2023-01-05,Bus,Route_8,19:18,19:59,66,Station_11,Station_8,13
2023-01-05,Train,Route_5,22:45,23:41,82,Station_10,Station_4,6
2023-01-05,Bus,Route_2,19:27,21:14,76,Station_4,Station_1,6
2023-01-05,Tram,Route_2,17:57,18:35,32,Station_5,Station_13,8
2023-01-05,Tram,Route_1,14:57,15:56,95,Station_3,Station_11,12
2023-01-05,Train,Route_5,11:46,12:58,53,Station_16,Station_12,12
2023-01-05,Tram,Route_7,06:33,08:02,89,Station_1,Station_4,15
2023-01-05,Train,Route_6,17:30,18:24,8,Station_10,Station_11,13
2023-01-05,Tram,Route_10,09:13,10:14,41,Station_14,Station_19,3
2023-01-05,Bus,Route_8,03:28,04:15,79,Station_13,Station_6,3
2023-01-05,Tram,Route_8,21:26,21:52,73,Station_17,Station_17,4
2023-01-05,Train,Route_8,05:40,07:34,11,Station_8,Station_20,9
2023-01-05,Tram,Route_4,14:44,16:21,60,Station_8,Station_15,9
2023-01-05,Bus,Route_10,19:04,21:09,2,Station_19,Station_9,13
2023-01-05,Tram,Route_10,10:50,12:16,56,Station_1,Station_1,5
2023-01-05,Tram,Route_5,17:04,17:47,87,Station_8,Station_20,13
2023-01-05,Tram,Route_10,08:51,09:41,69,Station_3,Station_14,9
2023-01-05,Train,Route_7,15:27,17:33,76,Station_2,Station_8,10
2023-01-05,Tram,Route_2,22:57,24:44,81,Station_18,Station_10,13
2023-01-05,Tram,Route_7,21:10,22:06,6,Station_8,Station_11,9
2023-01-06,Tram,Route_3,20:53,22:00,57,Station_3,Station_9,15
2023-01-06,Tram,Route_6,05:04,05:31,64,Station_20,Station_7,6
2023-01-06,Tram,Route_1,06:42,07:29,27,Station_1,Station_9,0
2023-01-06,Metro,Route_2,19:52,20:31,1,Station_14,Station_1,9
2023-01-06,Tram,Route_2,22:30,24:00,12,Station_14,Station_1,8
2023-01-06,Tram,Route_6,16:12,17:06,38,Station_11,Station_15,13
2023-01-06,Metro,Route_9,09:37,10:03,40,Station_6,Station_20,4
2023-01-06,Bus,Route_3,12:04,14:16,42,Station_15,Station_10,14
2023-01-06,Bus,Route_3,10:35,11:20,12,Station_5,Station_9,1
2023-01-06,Bus,Route_6,15:38,16:49,67,Station_18,Station_3,5
2023-01-06,Tram,Route_1,19:21,20:10,100,Station_18,Station_15,9
2023-01-06,Tram,Route_1,19:48,20:38,24,Station_13,Station_8,8
2023-01-06,Tram,Route_4,05:30,07:15,56,Station_2,Station_18,4
2023-01-06,Train,Route_7,07:08,08:46,37,Station_10,Station_4,14
2023-01-06,Bus,Route_9,20:53,22:13,77,Station_17,Station_15,5
2023-01-06,Bus,Route_10,20:35,21:00,14,Station_9,Station_13,7
2023-01-06,Tram,Route_2,05:56,07:45,87,Station_6,Station_12,4
2023-01-06,Bus,Route_4,03:43,04:02,58,Station_1,Station_17,3
2023-01-06,Bus,Route_8,19:43,20:34,82,Station_20,Station_4,6
2023-01-06,Tram,Route_6,17:48,19:18,100,Station_16,Station_1,2
2023-01-06,Tram,Route_5,13:35,14:40,8,Station_13,Station_19,12
2023-01-06,Bus,Route_6,17:43,19:25,42,Station_8,Station_5,5
2023-01-06,Tram,Route_5,21:12,22:38,10,Station_2,Station_5,13
2023-01-06,Metro,Route_9,16:25,16:58,60,Station_14,Station_6,2
2023-01-06,Metro,Route_2,20:48,21:41,23,Station_3,Station_1,11
2023-01-06,Bus,Route_8,03:38,03:54,67,Station_6,Station_3,14
2023-01-06,Bus,Route_10,08:26,09:07,26,Station_3,Station_1,2
2023-01-06,Metro,Route_10,20:05,20:57,65,Station_7,Station_12,0
2023-01-06,Train,Route_2,17:52,18:49,13,Station_7,Station_12,9
2023-01-06,Train,Route_10,18:20,19:39,76,Station_11,Station_2,6
2023-01-06,Train,Route_1,12:38,13:11,14,Station_8,Station_5,1
2023-01-06,Train,Route_2,07:23,08:04,51,Station_2,Station_8,3
2023-01-07,Tram,Route_10,09:02,09:20,62,Station_11,Station_20,13
2023-01-07,Metro,Route_2,15:30,16:43,32,Station_3,Station_20,6
2023-01-07,Metro,Route_1,13:32,15:20,82,Station_17,Station_8,7
2023-01-07,Train,Route_7,10:24,12:15,58,Station_9,Station_6,9
2023-01-07,Train,Route_3,12:59,13:15,46,Station_16,Station_17,5
2023-01-07,Train,Route_5,05:33,05:46,60,Station_6,Station_14,2
2023-01-07,Tram,Route_3,22:31,23:00,65,Station_1,Station_4,12
2023-01-07,Tram,Route_4,16:20,17:56,96,Station_11,Station_10,5
2023-01-07,Tram,Route_3,21:01,23:00,78,Station_8,Station_8,15
2023-01-07,Bus,Route_8,20:44,21:21,42,Station_16,Station_12,10
2023-01-07,Train,Route_2,20:25,21:27,66,Station_19,Station_13,4
2023-01-07,Tram,Route_10,21:58,22:54,32,Station_5,Station_15,13
2023-01-07,Metro,Route_9,09:20,11:09,49,Station_11,Station_10,12
2023-01-07,Tram,Route_6,16:29,18:03,22,Station_12,Station_3,13
2023-01-07,Bus,Route_1,18:52,19:47,92,Station_5,Station_15,3
2023-01-07,Tram,Route_3,22:20,24:16,17,Station_7,Station_10,15
2023-01-07,Bus,Route_1,19:45,20:17,35,Station_10,Station_5,10
2023-01-07,Train,Route_6,21:08,21:26,2,Station_8,Station_19,0
2023-01-07,Train,Route_9,09:55,11:46,85,Station_9,Station_4,9
2023-01-07,Train,Route_8,11:35,12:36,18,Station_10,Station_17,8
2023-01-07,Bus,Route_6,12:17,12:47,69,Station_2,Station_14,15
2023-01-07,Train,Route_4,09:45,10:07,36,Station_18,Station_2,4
2023-01-07,Train,Route_2,05:24,07:07,71,Station_18,Station_11,4
2023-01-07,Metro,Route_2,07:58,09:55,39,Station_1,Station_20,4
2023-01-07,Tram,Route_7,12:32,12:41,33,Station_17,Station_20,8
2023-01-07,Metro,Route_7,11:52,12:46,42,Station_3,Station_15,7
2023-01-07,Tram,Route_10,17:44,19:49,41,Station_19,Station_2,5
2023-01-07,Tram,Route_3,06:43,07:13,12,Station_4,Station_11,2
2023-01-07,Bus,Route_4,08:56,10:25,73,Station_14,Station_20,7
2023-01-07,Bus,Route_8,03:12,04:22,21,Station_6,Station_1,4
2023-01-07,Bus,Route_1,17:56,18:29,79,Station_12,Station_5,4
2023-01-07,Bus,Route_8,11:45,12:51,73,Station_3,Station_15,7
2023-01-08,Metro,Route_1,20:21,21:08,40,Station_13,Station_17,13
2023-01-08,Train,Route_8,05:38,05:59,100,Station_17,Station_17,5
2023-01-08,Tram,Route_10,12:08,12:58,99,Station_3,Station_10,0
2023-01-08,Train,Route_6,11:17,12:53,49,Station_5,Station_15,5
2023-01-08,Train,Route_4,21:31,23:10,98,Station_15,Station_8,15
2023-01-08,Metro,Route_10,09:01,10:08,74,Station_12,Station_20,8
2023-01-08,Tram,Route_7,09:19,09:32,4,Station_18,Station_16,9
2023-01-08,Metro,Route_7,14:27,16:26,91,Station_20,Station_6,9
2023-01-08,Train,Route_10,16:42,17:37,16,Station_12,Station_18,1
2023-01-08,Tram,Route_8,17:00,18:56,16,Station_4,Station_20,4
2023-01-08,Train,Route_1,13:52,14:59,51,Station_5,Station_15,7
2023-01-08,Tram,Route_7,07:38,08:36,37,Station_9,Station_16,11
2023-01-08,Tram,Route_5,06:00,06:19,51,Station_6,Station_20,3
2023-01-08,Metro,Route_7,17:13,18:21,30,Station_5,Station_11,15
2023-01-08,Bus,Route_6,13:39,14:21,72,Station_20,Station_11,11
2023-01-08,Bus,Route_5,10:51,11:08,64,Station_4,Station_10,13
2023-01-08,Tram,Route_3,20:03,21:58,93,Station_5,Station_5,14
2023-01-08,Tram,Route_4,14:44,16:31,39,Station_6,Station_9,2
2023-01-08,Train,Route_2,13:41,15:35,23,Station_15,Station_5,4
2023-01-08,Bus,Route_7,10:18,10:56,60,Station_3,Station_14,6
2023-01-08,Metro,Route_1,18:58,19:59,75,Station_9,Station_14,3
2023-01-08,Train,Route_9,10:04,10:27,5,Station_13,Station_20,4
2023-01-08,Train,Route_6,08:12,08:47,5,Station_19,Station_15,4
2023-01-08,Train,Route_5,07:39,08:34,6,Station_15,Station_8,12
2023-01-08,Bus,Route_6,21:33,22:46,88,Station_13,Station_8,14
2023-01-08,Bus,Route_4,11:05,13:12,6,Station_11,Station_5,9
2023-01-08,Train,Route_9,15:07,16:13,20,Station_1,Station_13,6
2023-01-08,Tram,Route_2,19:12,20:55,69,Station_16,Station_2,6
2023-01-08,Train,Route_2,16:38,18:04,49,Station_12,Station_7,1
2023-01-08,Metro,Route_5,20:04,21:24,29,Station_13,Station_6,13
2023-01-08,Tram,Route_1,22:23,23:25,58,Station_4,Station_5,11
2023-01-08,Metro,Route_8,20:31,21:18,17,Station_11,Station_11,8
2023-01-09,Metro,Route_3,19:31,20:27,36,Station_10,Station_14,5
2023-01-09,Bus,Route_7,07:38,09:30,61,Station_17,Station_8,5
2023-01-09,Tram,Route_9,14:01,15:27,79,Station_6,Station_6,0
2023-01-09,Bus,Route_4,11:49,13:28,76,Station_13,Station_15,11
2023-01-09,Tram,Route_3,19:55,21:02,72,Station_8,Station_15,1
2023-01-09,Tram,Route_3,07:00,08:52,8,Station_18,Station_10,7
2023-01-09,Train,Route_5,08:20,09:47,36,Station_3,Station_20,13
2023-01-09,Train,Route_5,12:46,12:56,47,Station_11,Station_19,5
2023-01-09,Tram,Route_2,08:05,09:19,70,Station_16,Station_13,4
2023-01-09,Train,Route_7,17:50,19:44,71,Station_13,Station_9,1
2023-01-09,Tram,Route_4,22:21,22:25,87,Station_11,Station_6,3
2023-01-09,Metro,Route_10,05:21,06:06,38,Station_18,Station_15,11
2023-01-09,Tram,Route_4,14:55,16:33,12,Station_20,Station_8,2
2023-01-09,Metro,Route_7,22:43,23:36,67,Station_12,Station_12,4
2023-01-09,Tram,Route_3,22:25,23:02,46,Station_11,Station_16,14
2023-01-09,Train,Route_5,14:21,16:03,12,Station_13,Station_9,9
2023-01-09,Metro,Route_1,08:44,10:15,13,Station_6,Station_5,8
2023-01-09,Metro,Route_6,08:50,10:32,94,Station_15,Station_8,3
2023-01-09,Train,Route_10,16:00,17:38,15,Station_19,Station_14,1
2023-01-09,Tram,Route_6,19:03,19:51,41,Station_10,Station_2,14
2023-01-09,Bus,Route_5,15:48,17:55,65,Station_18,Station_20,14
2023-01-09,Tram,Route_10,08:17,08:30,45,Station_5,Station_11,10
2023-01-09,Train,Route_6,05:12,05:51,50,Station_8,Station_15,5
2023-01-09,Bus,Route_4,15:31,15:58,43,Station_14,Station_10,2
2023-01-09,Train,Route_4,17:51,18:40,84,Station_2,Station_5,12
2023-01-09,Tram,Route_3,13:41,13:57,51,Station_4,Station_7,2
2023-01-09,Metro,Route_8,10:22,10:58,30,Station_16,Station_7,6
2023-01-09,Metro,Route_6,11:13,12:32,28,Station_10,Station_9,13
2023-01-09,Bus,Route_9,22:20,24:10,79,Station_12,Station_9,7
2023-01-09,Bus,Route_1,22:36,23:11,44,Station_9,Station_18,1
2023-01-09,Train,Route_1,15:52,17:31,98,Station_8,Station_8,10
2023-01-09,Tram,Route_9,18:20,19:06,85,Station_1,Station_13,5
2023-01-10,Metro,Route_10,16:50,18:14,44,Station_20,Station_3,2
2023-01-10,Tram,Route_2,05:05,05:38,27,Station_12,Station_18,3
2023-01-10,Bus,Route_3,07:04,08:20,61,Station_16,Station_15,2
2023-01-10,Bus,Route_5,03:35,04:48,18,Station_14,Station_16,12
2023-01-10,Tram,Route_10,13:48,15:40,84,Station_11,Station_15,3
2023-01-10,Metro,Route_8,12:59,14:57,59,Station_9,Station_3,12
2023-01-10,Train,Route_1,16:07,18:12,94,Station_5,Station_14,13
2023-01-10,Train,Route_4,10:58,12:27,61,Station_2,Station_9,3
2023-01-10,Train,Route_9,14:49,16:38,70,Station_17,Station_12,3
2023-01-10,Bus,Route_3,10:27,12:37,58,Station_12,Station_17,11
2023-01-10,Bus,Route_9,06:15,06:36,49,Station_13,Station_14,4
2023-01-10,Bus,Route_5,18:37,19:01,18,Station_8,Station_10,7
2023-01-10,Train,Route_6,09:35,10:29,11,Station_13,Station_18,8
2023-01-10,Bus,Route_4,15:33,16:41,91,Station_3,Station_18,9
2023-01-10,Train,Route_2,16:17,16:45,39,Station_19,Station_16,7
2023-01-10,Tram,Route_3,07:15,07:42,95,Station_20,Station_13,5
2023-01-10,Metro,Route_9,16:34,18:31,22,Station_19,Station_4,13
2023-01-10,Bus,Route_7,07:44,08:13,43,Station_13,Station_3,9
2023-01-10,Tram,Route_3,17:17,17:44,24,Station_2,Station_13,7
2023-01-10,Metro,Route_7,20:23,20:39,24,Station_15,Station_15,3
2023-01-10,Tram,Route_1,22:18,23:10,78,Station_13,Station_12,7
2023-01-10,Tram,Route_2,13:16,14:20,56,Station_19,Station_3,1
2023-01-10,Train,Route_9,07:47,08:42,35,Station_8,Station_17,3
2023-01-10,Train,Route_2,13:10,15:11,84,Station_5,Station_17,6
2023-01-10,Metro,Route_5,16:35,16:47,66,Station_19,Station_4,1
2023-01-10,Bus,Route_9,17:08,18:09,48,Station_11,Station_3,10
2023-01-10,Train,Route_8,07:36,09:48,19,Station_8,Station_11,13
2023-01-10,Train,Route_4,08:39,09:30,5,Station_15,Station_11,8
2023-01-10,Train,Route_6,10:51,12:20,13,Station_12,Station_1,14
2023-01-10,Train,Route_8,10:04,10:57,46,Station_11,Station_16,0
2023-01-10,Tram,Route_10,18:57,19:41,91,Station_13,Station_20,8
2023-01-10,Tram,Route_2,07:57,09:39,54,Station_13,Station_12,2
2023-01-11,Train,Route_9,17:26,18:58,54,Station_18,Station_18,0
2023-01-11,Tram,Route_5,08:18,10:21,9,Station_18,Station_3,11
2023-01-11,Bus,Route_10,13:47,13:58,70,Station_6,Station_13,1
2023-01-11,Train,Route_1,05:49,05:58,27,Station_1,Station_16,8
2023-01-11,Train,Route_5,11:22,13:03,68,Station_2,Station_8,1
2023-01-11,Train,Route_2,21:21,22:51,72,Station_13,Station_14,2
2023-01-11,Train,Route_8,09:53,10:34,92,Station_8,Station_19,10
2023-01-11,Train,Route_3,10:16,10:58,3,Station_15,Station_20,11
2023-01-11,Train,Route_8,11:15,13:28,63,Station_11,Station_9,13
2023-01-11,Train,Route_8,08:00,08:52,68,Station_6,Station_20,3
2023-01-11,Tram,Route_4,16:10,17:44,17,Station_10,Station_11,14
2023-01-11,Train,Route_2,11:18,12:26,88,Station_5,Station_5,2
2023-01-11,Bus,Route_5,14:52,15:32,3,Station_9,Station_16,14
2023-01-11,Bus,Route_6,20:15,20:52,51,Station_13,Station_10,15
2023-01-11,Bus,Route_3,17:54,19:10,90,Station_3,Station_19,13
2023-01-11,Train,Route_8,17:28,19:32,66,Station_3,Station_7,7
2023-01-11,Train,Route_7,18:23,20:11,53,Station_10,Station_7,6
2023-01-11,Train,Route_10,14:36,15:55,36,Station_6,Station_2,8
2023-01-11,Train,Route_6,16:51,18:41,29,Station_19,Station_14,14
2023-01-11,Metro,Route_1,13:57,14:20,30,Station_2,Station_19,1
2023-01-11,Bus,Route_1,13:26,13:43,23,Station_9,Station_20,14
2023-01-11,Train,Route_2,16:14,16:48,77,Station_9,Station_20,4
2023-01-11,Bus,Route_8,20:39,22:18,68,Station_13,Station_7,10
2023-01-11,Bus,Route_5,21:25,21:55,11,Station_13,Station_19,14
2023-01-11,Bus,Route_6,20:40,22:14,48,Station_15,Station_15,2
2023-01-11,Metro,Route_7,18:34,19:03,16,Station_10,Station_11,11
2023-01-11,Tram,Route_6,08:03,08:32,15,Station_13,Station_12,15
2023-01-11,Tram,Route_9,19:07,21:13,1,Station_2,Station_1,6
2023-01-11,Train,Route_8,18:22,20:04,38,Station_8,Station_5,3
2023-01-11,Metro,Route_4,20:04,20:19,39,Station_5,Station_12,13
2023-01-11,Metro,Route_8,12:39,13:19,71,Station_15,Station_11,12
2023-01-11,Train,Route_3,16:23,17:59,54,Station_8,Station_11,9
2023-01-12,Tram,Route_4,17:07,17:55,70,Station_14,Station_16,15
2023-01-12,Tram,Route_4,14:07,16:08,17,Station_19,Station_2,9
2023-01-12,Metro,Route_6,12:59,14:05,60,Station_17,Station_10,7
2023-01-12,Bus,Route_6,20:35,21:28,90,Station_3,Station_10,10
2023-01-12,Bus,Route_10,12:11,13:59,86,Station_3,Station_19,11
2023-01-12,Tram,Route_6,05:58,06:40,38,Station_9,Station_6,4
2023-01-12,Tram,Route_8,11:35,13:16,7,Station_7,Station_4,13
2023-01-12,Train,Route_10,08:48,10:41,27,Station_3,Station_5,4
2023-01-12,Bus,Route_9,05:43,07:49,13,Station_19,Station_7,15
2023-01-12,Metro,Route_7,17:38,18:36,76,Station_12,Station_4,5
2023-01-12,Tram,Route_10,20:14,21:53,63,Station_18,Station_3,6
2023-01-12,Train,Route_8,07:24,08:17,15,Station_6,Station_8,4
2023-01-12,Bus,Route_8,22:57,24:40,59,Station_7,Station_9,7
2023-01-12,Tram,Route_5,10:08,11:12,88,Station_3,Station_8,0
2023-01-12,Train,Route_9,17:43,18:55,55,Station_2,Station_18,7
2023-01-12,Metro,Route_7,20:23,20:35,54,Station_6,Station_8,11
2023-01-12,Train,Route_10,07:17,09:16,96,Station_4,Station_3,1
2023-01-12,Metro,Route_5,12:23,14:05,79,Station_1,Station_19,2
2023-01-12,Train,Route_9,07:35,07:53,97,Station_7,Station_14,3
2023-01-12,Train,Route_7,06:33,07:24,81,Station_12,Station_9,15
2023-01-12,Tram,Route_5,20:05,21:07,47,Station_8,Station_7,7
2023-01-12,Bus,Route_6,18:25,19:05,69,Station_18,Station_17,3
2023-01-12,Tram,Route_9,08:57,09:12,16,Station_7,Station_10,5
2023-01-12,Tram,Route_9,13:39,15:38,36,Station_5,Station_5,7
2023-01-12,Metro,Route_6,22:57,23:57,78,Station_3,Station_10,13
2023-01-12,Train,Route_5,09:04,10:31,1,Station_14,Station_11,11
2023-01-12,Train,Route_3,06:18,06:32,56,Station_6,Station_18,9
2023-01-12,Train,Route_6,09:53,11:03,28,Station_7,Station_7,14
2023-01-12,Tram,Route_6,06:48,08:47,14,Station_12,Station_2,5
2023-01-12,Train,Route_7,22:56,24:10,17,Station_9,Station_7,12
2023-01-12,Tram,Route_2,13:54,14:17,73,Station_18,Station_7,1
2023-01-12,Tram,Route_10,09:30,11:26,36,Station_20,Station_15,13
2023-01-13,Train,Route_7,14:13,15:48,94,Station_10,Station_16,7
2023-01-13,Bus,Route_2,10:02,11:13,68,Station_18,Station_7,7
2023-01-13,Tram,Route_1,15:03,15:40,84,Station_10,Station_6,1
2023-01-13,Tram,Route_1,20:22,21:27,39,Station_10,Station_15,0
2023-01-13,Metro,Route_8,08:53,10:27,87,Station_8,Station_8,7
2023-01-13,Train,Route_6,06:46,07:44,62,Station_17,Station_11,8
2023-01-13,Train,Route_8,08:06,08:56,92,Station_4,Station_8,9
2023-01-13,Metro,Route_10,07:47,09:20,62,Station_8,Station_2,7
2023-01-13,Bus,Route_2,19:02,20:34,75,Station_5,Station_9,12
2023-01-13,Tram,Route_6,15:35,16:29,23,Station_2,Station_20,5
2023-01-13,Tram,Route_10,16:48,18:17,92,Station_16,Station_13,1
2023-01-13,Tram,Route_1,16:58,17:26,16,Station_20,Station_6,9
2023-01-13,Train,Route_4,14:36,15:20,14,Station_13,Station_8,0
2023-01-13,Tram,Route_4,14:53,15:45,33,Station_5,Station_17,0
2023-01-13,Train,Route_5,22:03,22:56,11,Station_20,Station_9,0
2023-01-13,Tram,Route_6,16:06,17:34,54,Station_11,Station_8,9
2023-01-13,Metro,Route_1,13:50,14:28,23,Station_20,Station_5,7
2023-01-13,Train,Route_8,05:16,06:38,53,Station_7,Station_8,8
2023-01-13,Train,Route_5,08:56,10:40,78,Station_15,Station_18,15
2023-01-13,Metro,Route_2,12:36,13:38,27,Station_6,Station_1,0
2023-01-13,Metro,Route_8,16:00,16:04,94,Station_8,Station_7,2
2023-01-13,Tram,Route_7,22:56,24:05,7,Station_12,Station_18,5
2023-01-13,Bus,Route_7,22:06,23:18,50,Station_19,Station_8,15
2023-01-13,Metro,Route_9,17:10,17:15,21,Station_5,Station_1,4
2023-01-13,Bus,Route_5,09:48,10:07,99,Station_5,Station_14,14
2023-01-13,Train,Route_9,13:26,14:45,8,Station_7,Station_11,4
2023-01-13,Metro,Route_5,19:33,20:51,68,Station_8,Station_12,5
2023-01-13,Bus,Route_1,03:29,05:02,84,Station_7,Station_13,8
2023-01-13,Metro,Route_5,06:12,08:09,81,Station_1,Station_4,8
2023-01-13,Bus,Route_10,21:16,21:58,55,Station_16,Station_7,2
2023-01-13,Train,Route_1,17:14,18:56,42,Station_17,Station_18,5
2023-01-13,Bus,Route_3,05:59,07:54,29,Station_15,Station_14,15
2023-01-14,Bus,Route_10,12:21,13:45,77,Station_6,Station_3,11
2023-01-14,Bus,Route_1,11:55,12:48,8,Station_13,Station_10,13
2023-01-14,Metro,Route_6,18:10,19:29,8,Station_19,Station_10,14
2023-01-14,Bus,Route_7,09:34,11:06,13,Station_11,Station_11,3
2023-01-14,Metro,Route_5,15:34,17:11,15,Station_19,Station_5,0
2023-01-14,Metro,Route_6,12:11,12:38,88,Station_11,Station_8,15
2023-01-14,Bus,Route_6,18:06,18:49,97,Station_2,Station_12,7
2023-01-14,Metro,Route_3,07:10,08:57,20,Station_10,Station_9,5
2023-01-14,Metro,Route_2,20:58,21:28,45,Station_2,Station_15,14
2023-01-14,Tram,Route_8,08:57,10:11,48,Station_18,Station_12,3
2023-01-14,Metro,Route_2,07:12,07:40,27,Station_19,Station_14,2
2023-01-14,Bus,Route_7,07:50,09:04,87,Station_17,Station_4,10
2023-01-14,Tram,Route_8,08:14,09:07,17,Station_16,Station_8,13
2023-01-14,Bus,Route_10,17:31,19:39,36,Station_7,Station_14,14
2023-01-14,Bus,Route_3,12:22,13:23,6,Station_16,Station_2,13
2023-01-14,Train,Route_9,20:59,23:01,83,Station_13,Station_13,3
2023-01-14,Metro,Route_9,19:22,21:02,85,Station_13,Station_19,4
2023-01-14,Train,Route_5,13:21,14:57,72,Station_11,Station_6,8
2023-01-14,Metro,Route_2,16:49,18:50,10,Station_12,Station_10,7
2023-01-14,Bus,Route_4,13:32,13:56,45,Station_5,Station_10,3
2023-01-14,Bus,Route_3,07:20,09:06,13,Station_13,Station_14,0
2023-01-14,Train,Route_1,09:15,10:27,27,Station_14,Station_9,4
2023-01-14,Bus,Route_2,19:56,21:25,95,Station_13,Station_16,15
2023-01-14,Tram,Route_9,05:24,06:41,98,Station_17,Station_13,5
2023-01-14,Bus,Route_8,12:29,13:16,4,Station_16,Station_2,15
2023-01-14,Train,Route_2,17:29,18:27,54,Station_11,Station_18,2
2023-01-14,Bus,Route_7,21:34,22:46,21,Station_8,Station_19,3
2023-01-14,Bus,Route_7,07:00,07:28,65,Station_7,Station_13,0
2023-01-14,Metro,Route_6,18:07,19:08,61,Station_19,Station_13,14
2023-01-14,Bus,Route_10,06:50,08:31,26,Station_15,Station_7,9
2023-01-14,Train,Route_5,13:29,15:35,67,Station_7,Station_18,10
2023-01-14,Bus,Route_10,09:21,10:39,32,Station_5,Station_13,15
2023-01-15,Bus,Route_7,20:26,21:46,20,Station_4,Station_18,34
2023-01-15,Bus,Route_1,15:27,18:19,100,Station_18,Station_1,56
2023-01-15,Train,Route_10,10:18,12:42,81,Station_20,Station_11,28
2023-01-15,Train,Route_1,18:07,20:15,36,Station_13,Station_15,42
2023-01-15,Train,Route_6,22:03,23:36,71,Station_14,Station_10,35
2023-01-15,Metro,Route_6,09:40,11:44,48,Station_7,Station_17,45
2023-01-15,Bus,Route_6,20:32,22:35,32,Station_19,Station_13,30
2023-01-15,Tram,Route_9,18:58,19:24,74,Station_19,Station_11,16
2023-01-15,Bus,Route_7,16:38,17:57,89,Station_2,Station_1,25
2023-01-15,Tram,Route_3,10:25,12:48,42,Station_2,Station_16,25
2023-01-15,Bus,Route_8,11:44,13:15,63,Station_5,Station_6,60
2023-01-15,Train,Route_1,09:09,10:02,50,Station_17,Station_5,50
2023-01-15,Metro,Route_3,10:40,12:11,32,Station_18,Station_16,54
2023-01-15,Bus,Route_2,10:44,12:50,62,Station_11,Station_20,38
2023-01-15,Tram,Route_1,15:08,16:45,17,Station_17,Station_11,53
2023-01-15,Bus,Route_6,03:13,05:39,86,Station_12,Station_6,45
2023-01-15,Bus,Route_4,17:43,20:13,51,Station_11,Station_4,47
2023-01-15,Bus,Route_10,11:48,13:13,18,Station_1,Station_7,44
2023-01-15,Metro,Route_4,07:06,07:46,82,Station_5,Station_8,30
2023-01-15,Bus,Route_4,21:56,24:08,100,Station_8,Station_9,28
2023-01-15,Metro,Route_3,13:09,15:30,21,Station_13,Station_5,27
2023-01-15,Tram,Route_10,09:33,11:32,86,Station_9,Station_5,46
2023-01-15,Bus,Route_1,15:35,17:28,62,Station_18,Station_13,47
2023-01-15,Bus,Route_8,19:26,20:25,1,Station_19,Station_11,35
2023-01-15,Bus,Route_9,21:46,23:01,30,Station_16,Station_11,30
2023-01-15,Bus,Route_3,06:47,09:39,59,Station_19,Station_11,53
2023-01-15,Train,Route_4,16:48,18:10,30,Station_6,Station_1,65
2023-01-15,Metro,Route_4,22:15,23:55,15,Station_3,Station_5,63
2023-01-15,Tram,Route_1,07:24,09:29,26,Station_10,Station_5,61
2023-01-15,Train,Route_4,16:41,18:22,80,Station_16,Station_14,55
2023-01-15,Metro,Route_8,17:18,19:31,41,Station_8,Station_8,64
2023-01-15,Tram,Route_10,06:24,08:26,97,Station_6,Station_9,29
2023-01-16,Bus,Route_4,10:09,10:55,60,Station_18,Station_7,12
2023-01-16,Tram,Route_9,13:58,15:52,64,Station_18,Station_3,5
2023-01-16,Tram,Route_2,06:10,07:57,68,Station_19,Station_5,14
2023-01-16,Metro,Route_5,13:58,14:23,73,Station_8,Station_3,5
2023-01-16,Train,Route_4,11:42,12:15,18,Station_1,Station_6,13
2023-01-16,Bus,Route_7,12:25,14:24,86,Station_8,Station_6,5
2023-01-16,Tram,Route_4,05:35,06:03,100,Station_9,Station_19,13
2023-01-16,Bus,Route_7,21:03,21:26,68,Station_6,Station_16,5
2023-01-16,Tram,Route_7,16:17,17:41,24,Station_15,Station_20,2
2023-01-16,Train,Route_6,16:07,18:01,97,Station_3,Station_11,9
2023-01-16,Metro,Route_2,18:46,19:15,25,Station_15,Station_14,9
2023-01-16,Train,Route_2,21:30,23:06,25,Station_12,Station_12,2
2023-01-16,Bus,Route_8,10:18,10:54,71,Station_5,Station_15,13
2023-01-16,Metro,Route_7,08:57,09:51,19,Station_14,Station_12,3
2023-01-16,Metro,Route_2,13:26,15:07,47,Station_12,Station_8,11
2023-01-16,Metro,Route_9,07:02,08:38,32,Station_4,Station_20,0
2023-01-16,Bus,Route_7,13:46,14:12,84,Station_1,Station_7,4
2023-01-16,Metro,Route_6,20:40,22:45,35,Station_13,Station_4,8
2023-01-16,Bus,Route_3,13:00,14:21,50,Station_6,Station_14,0
2023-01-16,Tram,Route_3,09:04,10:23,95,Station_15,Station_20,13
2023-01-16,Bus,Route_5,18:59,19:20,23,Station_1,Station_3,8
2023-01-16,Bus,Route_6,03:52,04:04,20,Station_17,Station_11,10
2023-01-16,Tram,Route_10,19:56,21:56,98,Station_17,Station_14,13
2023-01-16,Tram,Route_1,05:01,05:35,43,Station_20,Station_2,8
2023-01-16,Bus,Route_3,16:41,18:01,73,Station_2,Station_11,13
2023-01-16,Metro,Route_7,17:12,18:25,7,Station_12,Station_17,15
2023-01-16,Tram,Route_10,08:23,09:33,35,Station_14,Station_5,7
2023-01-16,Bus,Route_3,12:50,13:31,96,Station_5,Station_19,5
2023-01-16,Tram,Route_9,05:34,05:47,19,Station_14,Station_8,2
2023-01-16,Train,Route_4,16:22,18:27,37,Station_3,Station_3,11
2023-01-16,Bus,Route_7,14:43,14:56,83,Station_11,Station_13,3
2023-01-16,Train,Route_5,05:25,05:34,51,Station_17,Station_16,4
2023-01-17,Metro,Route_9,18:19,18:50,52,Station_2,Station_5,14
2023-01-17,Train,Route_2,14:37,16:33,30,Station_9,Station_8,14
2023-01-17,Metro,Route_2,21:36,23:06,30,Station_5,Station_14,7
2023-01-17,Train,Route_5,20:43,21:05,26,Station_4,Station_3,1
2023-01-17,Train,Route_2,05:17,07:17,32,Station_12,Station_11,5
2023-01-17,Tram,Route_2,22:55,22:58,17,Station_16,Station_3,2
2023-01-17,Train,Route_3,16:30,17:34,82,Station_2,Station_1,11
2023-01-17,Metro,Route_4,06:11,08:03,12,Station_14,Station_2,1
2023-01-17,Metro,Route_9,12:16,14:11,76,Station_16,Station_6,14
2023-01-17,Train,Route_2,19:20,20:23,39,Station_12,Station_1,5
2023-01-17,Bus,Route_3,15:47,16:42,24,Station_4,Station_12,4
2023-01-17,Bus,Route_1,21:57,23:29,10,Station_12,Station_16,13
2023-01-17,Train,Route_1,06:02,07:23,61,Station_3,Station_5,1
2023-01-17,Train,Route_3,16:58,17:43,99,Station_12,Station_14,14
2023-01-17,Tram,Route_5,19:21,21:12,62,Station_15,Station_7,14
2023-01-17,Metro,Route_10,15:12,16:17,55,Station_13,Station_19,4
2023-01-17,Tram,Route_1,22:22,22:41,59,Station_17,Station_5,3
2023-01-17,Bus,Route_9,12:58,13:51,57,Station_3,Station_15,0
2023-01-17,Tram,Route_2,22:56,24:46,48,Station_12,Station_11,9
2023-01-17,Tram,Route_8,13:58,15:34,94,Station_4,Station_4,0
2023-01-17,Bus,Route_3,10:10,11:41,91,Station_13,Station_4,6
2023-01-17,Metro,Route_8,18:49,20:36,15,Station_2,Station_15,3
2023-01-17,Bus,Route_9,06:43,08:07,20,Station_12,Station_7,10
2023-01-17,Metro,Route_4,06:10,06:15,66,Station_15,Station_3,2
2023-01-17,Tram,Route_7,07:39,08:10,57,Station_7,Station_20,9
2023-01-17,Bus,Route_9,18:32,18:55,44,Station_13,Station_2,10
2023-01-17,Tram,Route_10,09:41,10:56,79,Station_10,Station_13,4
2023-01-17,Tram,Route_5,20:47,21:10,28,Station_6,Station_6,1
2023-01-17,Bus,Route_9,06:27,08:05,51,Station_19,Station_1,6
2023-01-17,Bus,Route_2,13:29,14:51,16,Station_10,Station_13,1
2023-01-17,Tram,Route_3,06:27,07:05,78,Station_7,Station_12,6
2023-01-17,Tram,Route_3,12:17,14:20,18,Station_16,Station_20,11
2023-01-18,Metro,Route_7,21:02,22:40,81,Station_5,Station_2,5
2023-01-18,Tram,Route_6,19:12,19:19,73,Station_12,Station_5,6
2023-01-18,Bus,Route_2,11:47,12:55,15,Station_2,Station_2,3
2023-01-18,Bus,Route_9,14:39,15:34,48,Station_10,Station_16,13
2023-01-18,Train,Route_8,14:33,16:02,54,Station_2,Station_13,7
2023-01-18,Bus,Route_7,07:36,08:31,61,Station_15,Station_1,11
2023-01-18,Tram,Route_8,21:39,23:50,41,Station_8,Station_6,11
2023-01-18,Train,Route_2,05:07,05:36,99,Station_8,Station_10,0
2023-01-18,Metro,Route_8,07:41,08:47,68,Station_16,Station_19,0
2023-01-18,Bus,Route_3,08:52,09:35,39,Station_11,Station_11,13
2023-01-18,Train,Route_4,22:11,23:55,59,Station_15,Station_15,13
2023-01-18,Train,Route_3,10:20,10:41,73,Station_10,Station_11,7
2023-01-18,Bus,Route_2,08:28,08:44,17,Station_9,Station_6,3
2023-01-18,Train,Route_7,07:39,07:49,70,Station_15,Station_18,9
2023-01-18,Train,Route_10,19:25,20:50,43,Station_16,Station_6,14
2023-01-18,Bus,Route_3,15:36,17:10,30,Station_5,Station_18,10
2023-01-18,Bus,Route_9,07:53,09:06,48,Station_10,Station_8,6
2023-01-18,Tram,Route_9,12:25,13:49,12,Station_5,Station_18,9
2023-01-18,Train,Route_7,20:10,21:16,30,Station_15,Station_20,10
2023-01-18,Train,Route_5,20:53,22:48,44,Station_10,Station_20,7
2023-01-18,Train,Route_3,08:11,09:58,83,Station_3,Station_6,6
2023-01-18,Metro,Route_10,21:10,22:01,76,Station_1,Station_18,11
2023-01-18,Train,Route_3,06:49,08:27,28,Station_2,Station_9,3
2023-01-18,Train,Route_4,22:52,24:23,11,Station_17,Station_19,0
2023-01-18,Bus,Route_10,22:14,22:44,31,Station_8,Station_13,0
2023-01-18,Metro,Route_10,15:16,15:35,55,Station_18,Station_18,14
2023-01-18,Metro,Route_9,09:24,11:18,53,Station_20,Station_13,7
2023-01-18,Train,Route_8,18:28,19:14,86,Station_15,Station_9,12
2023-01-18,Tram,Route_3,18:59,19:38,9,Station_12,Station_18,7
2023-01-18,Train,Route_7,14:58,15:58,67,Station_12,Station_15,5
2023-01-18,Bus,Route_5,14:06,14:33,68,Station_17,Station_18,2
2023-01-18,Train,Route_5,06:43,08:43,89,Station_13,Station_19,11
2023-01-19,Bus,Route_1,16:55,17:59,19,Station_4,Station_3,4
2023-01-19,Train,Route_2,05:41,07:20,46,Station_20,Station_12,7
2023-01-19,Metro,Route_6,07:27,07:56,14,Station_9,Station_19,12
2023-01-19,Tram,Route_6,07:43,08:14,7,Station_4,Station_6,12
2023-01-19,Train,Route_7,10:24,12:27,62,Station_13,Station_18,7
2023-01-19,Bus,Route_2,17:27,18:34,40,Station_9,Station_8,2
2023-01-19,Train,Route_3,05:17,06:54,72,Station_8,Station_17,7
2023-01-19,Train,Route_5,05:06,06:33,89,Station_13,Station_15,1
2023-01-19,Tram,Route_8,12:47,13:07,95,Station_1,Station_2,9
2023-01-19,Train,Route_4,06:14,07:47,26,Station_18,Station_1,7
2023-01-19,Bus,Route_8,18:44,20:33,31,Station_17,Station_13,12
2023-01-19,Metro,Route_6,07:54,09:13,4,Station_19,Station_1,5
2023-01-19,Train,Route_6,22:54,23:29,28,Station_15,Station_3,4
2023-01-19,Tram,Route_4,18:56,19:31,15,Station_14,Station_19,7
2023-01-19,Bus,Route_4,21:00,22:17,63,Station_18,Station_7,14
2023-01-19,Train,Route_9,09:19,11:14,48,Station_14,Station_17,8
2023-01-19,Bus,Route_3,20:00,21:35,97,Station_8,Station_17,11
2023-01-19,Bus,Route_8,17:11,18:07,62,Station_2,Station_7,9
2023-01-19,Bus,Route_2,17:42,18:17,91,Station_5,Station_12,12
2023-01-19,Metro,Route_4,07:09,09:02,5,Station_16,Station_2,15
2023-01-19,Train,Route_8,21:44,22:11,48,Station_16,Station_15,8
2023-01-19,Metro,Route_10,17:41,19:07,40,Station_18,Station_17,9
2023-01-19,Bus,Route_8,18:39,20:28,20,Station_4,Station_19,6
2023-01-19,Tram,Route_6,10:14,11:12,74,Station_15,Station_16,4
2023-01-19,Tram,Route_10,08:41,09:06,64,Station_4,Station_8,0
2023-01-19,Train,Route_5,18:00,18:19,72,Station_12,Station_15,7
2023-01-19,Metro,Route_9,18:02,18:18,88,Station_17,Station_15,12
2023-01-19,Bus,Route_2,05:58,06:33,59,Station_13,Station_16,5
2023-01-19,Tram,Route_1,05:55,07:45,32,Station_10,Station_11,7
2023-01-19,Bus,Route_6,20:17,22:19,67,Station_7,Station_4,10
2023-01-19,Bus,Route_3,06:08,08:01,11,Station_10,Station_5,4
2023-01-19,Bus,Route_1,15:28,16:53,100,Station_9,Station_19,7
2023-01-20,Bus,Route_10,20:36,23:35,43,Station_10,Station_16,68
2023-01-20,Metro,Route_4,08:34,10:23,50,Station_9,Station_1,49
2023-01-20,Metro,Route_5,10:14,11:50,96,Station_8,Station_2,41
2023-01-20,Metro,Route_10,09:15,10:50,94,Station_15,Station_20,62
2023-01-20,Tram,Route_3,11:16,13:17,56,Station_16,Station_17,59
2023-01-20,Train,Route_8,21:25,24:08,27,Station_12,Station_9,61
2023-01-20,Bus,Route_3,07:31,09:18,99,Station_18,Station_16,61
2023-01-20,Metro,Route_6,22:00,24:35,95,Station_17,Station_9,45
2023-01-20,Metro,Route_2,14:37,15:21,60,Station_8,Station_6,20
2023-01-20,Bus,Route_7,17:04,18:44,85,Station_9,Station_15,61
2023-01-20,Metro,Route_4,22:37,24:35,24,Station_10,Station_19,26
2023-01-20,Train,Route_9,10:12,12:08,46,Station_14,Station_1,49
2023-01-20,Tram,Route_10,13:34,14:51,12,Station_20,Station_1,52
2023-01-20,Tram,Route_1,11:39,14:12,88,Station_1,Station_14,55
2023-01-20,Bus,Route_10,13:04,14:07,34,Station_7,Station_20,42
2023-01-20,Tram,Route_9,06:18,07:14,5,Station_11,Station_12,43
2023-01-20,Bus,Route_1,07:23,08:15,92,Station_18,Station_9,34
2023-01-20,Metro,Route_9,13:51,16:01,2,Station_11,Station_6,49
2023-01-20,Bus,Route_8,12:17,15:14,18,Station_8,Station_19,61
2023-01-20,Train,Route_4,07:25,09:20,10,Station_12,Station_4,68
2023-01-20,Bus,Route_10,16:58,18:06,26,Station_19,Station_10,35
2023-01-20,Train,Route_8,16:38,18:40,41,Station_2,Station_18,24
2023-01-20,Metro,Route_5,11:49,12:27,66,Station_8,Station_13,16
2023-01-20,Metro,Route_9,16:12,19:00,78,Station_14,Station_18,48
2023-01-20,Tram,Route_2,08:32,09:19,8,Station_18,Station_5,43
2023-01-20,Train,Route_7,07:04,07:46,41,Station_16,Station_10,20
2023-01-20,Bus,Route_10,21:02,21:59,96,Station_8,Station_14,21
2023-01-20,Tram,Route_6,19:03,21:43,57,Station_20,Station_12,67
2023-01-20,Train,Route_4,08:55,11:07,40,Station_13,Station_12,25
2023-01-20,Bus,Route_9,12:12,13:40,70,Station_6,Station_15,33
2023-01-20,Train,Route_4,22:43,24:29,95,Station_7,Station_17,57
2023-01-20,Train,Route_1,16:22,17:11,77,Station_2,Station_7,48
2023-01-21,Metro,Route_6,16:29,17:34,11,Station_19,Station_18,18
2023-01-21,Tram,Route_6,16:52,18:47,86,Station_10,Station_15,43
2023-01-21,Train,Route_10,21:51,24:18,90,Station_16,Station_1,36
2023-01-21,Metro,Route_6,07:14,08:40,90,Station_7,Station_2,25
2023-01-21,Bus,Route_8,15:04,18:03,13,Station_5,Station_14,63
2023-01-21,Bus,Route_6,05:49,07:55,97,Station_1,Station_7,30
2023-01-21,Bus,Route_5,17:04,18:35,79,Station_17,Station_14,52
2023-01-21,Train,Route_6,06:28,08:23,90,Station_5,Station_12,40
2023-01-21,Train,Route_6,18:13,20:13,12,Station_17,Station_11,12
2023-01-21,Train,Route_4,11:55,12:57,85,Station_3,Station_20,42
2023-01-21,Tram,Route_5,19:21,20:01,61,Station_2,Station_13,38
2023-01-21,Tram,Route_4,13:11,14:53,39,Station_16,Station_13,22
2023-01-21,Metro,Route_3,14:40,16:28,7,Station_16,Station_3,59
2023-01-21,Bus,Route_2,20:32,22:24,70,Station_17,Station_13,37
2023-01-21,Metro,Route_10,05:56,07:38,76,Station_8,Station_20,35
2023-01-21,Bus,Route_8,09:54,10:53,52,Station_10,Station_11,32
2023-01-21,Tram,Route_2,17:06,20:02,99,Station_7,Station_6,62
2023-01-21,Train,Route_6,16:39,17:20,60,Station_13,Station_20,25
2023-01-21,Train,Route_1,10:38,12:09,88,Station_16,Station_13,36
2023-01-21,Bus,Route_6,20:11,21:39,46,Station_9,Station_6,58
2023-01-21,Train,Route_1,22:37,25:29,30,Station_18,Station_16,64
2023-01-21,Tram,Route_5,13:55,14:15,78,Station_6,Station_11,17
2023-01-21,Metro,Route_9,16:56,18:40,83,Station_2,Station_1,52
2023-01-21,Bus,Route_1,03:19,04:34,54,Station_12,Station_13,29
2023-01-21,Train,Route_5,19:47,22:25,84,Station_14,Station_18,52
2023-01-21,Metro,Route_6,18:05,19:21,12,Station_16,Station_15,65
2023-01-21,Metro,Route_2,07:46,09:28,18,Station_19,Station_14,14
2023-01-21,Train,Route_4,16:00,17:29,55,Station_2,Station_10,52
2023-01-21,Train,Route_4,11:39,14:21,66,Station_10,Station_12,71
2023-01-21,Train,Route_1,14:33,16:06,71,Station_19,Station_18,38
2023-01-21,Metro,Route_3,17:26,20:11,38,Station_19,Station_3,46
2023-01-21,Bus,Route_7,12:43,15:28,93,Station_20,Station_6,45
2023-01-22,Metro,Route_5,11:39,13:26,19,Station_14,Station_13,4
2023-01-22,Bus,Route_2,08:12,10:00,25,Station_19,Station_11,12
2023-01-22,Tram,Route_2,20:50,22:06,87,Station_5,Station_15,3
2023-01-22,Train,Route_9,06:05,07:22,74,Station_13,Station_1,13
2023-01-22,Metro,Route_7,11:53,13:35,41,Station_6,Station_8,4
2023-01-22,Tram,Route_6,18:28,19:35,86,Station_17,Station_17,2
2023-01-22,Bus,Route_4,07:32,08:53,79,Station_10,Station_13,15
2023-01-22,Tram,Route_7,05:53,07:51,27,Station_18,Station_16,12
2023-01-22,Metro,Route_1,19:07,20:24,5,Station_8,Station_15,1
2023-01-22,Metro,Route_1,06:17,08:00,4,Station_8,Station_7,9
2023-01-22,Metro,Route_6,15:12,16:07,25,Station_19,Station_7,3
2023-01-22,Train,Route_9,06:29,08:05,79,Station_16,Station_11,7
2023-01-22,Tram,Route_1,05:26,07:10,1,Station_19,Station_19,11
2023-01-22,Train,Route_8,18:46,20:07,81,Station_3,Station_6,5
2023-01-22,Train,Route_9,19:40,21:20,79,Station_16,Station_11,13
2023-01-22,Train,Route_6,05:14,06:45,3,Station_10,Station_15,10
2023-01-22,Bus,Route_10,03:05,03:33,63,Station_19,Station_15,12
2023-01-22,Train,Route_9,07:12,08:12,42,Station_18,Station_16,3
2023-01-22,Tram,Route_5,21:03,23:10,27,Station_20,Station_18,9
2023-01-22,Tram,Route_2,08:43,10:21,33,Station_4,Station_14,8
2023-01-22,Tram,Route_9,06:05,07:40,46,Station_14,Station_14,2
2023-01-22,Bus,Route_4,20:59,21:20,54,Station_1,Station_11,3
2023-01-22,Tram,Route_10,09:09,10:07,87,Station_20,Station_10,12
2023-01-22,Train,Route_1,16:36,17:32,58,Station_12,Station_15,5
2023-01-22,Metro,Route_9,14:41,15:16,39,Station_8,Station_19,3
2023-01-22,Metro,Route_5,20:55,21:58,1,Station_4,Station_6,1
2023-01-22,Tram,Route_3,08:41,09:31,18,Station_17,Station_8,6
2023-01-22,Metro,Route_8,12:19,12:45,69,Station_10,Station_17,14
2023-01-22,Train,Route_6,05:15,06:05,99,Station_9,Station_1,15
2023-01-22,Bus,Route_9,17:48,19:19,73,Station_13,Station_17,9
2023-01-22,Metro,Route_9,17:38,18:04,35,Station_10,Station_11,9
2023-01-22,Bus,Route_10,05:59,07:54,54,Station_19,Station_1,5
2023-01-23,Metro,Route_9,06:50,07:25,54,Station_3,Station_6,13
2023-01-23,Tram,Route_5,07:50,09:46,69,Station_2,Station_4,1
2023-01-23,Train,Route_4,16:55,17:41,90,Station_1,Station_13,5
2023-01-23,Train,Route_1,13:48,14:15,61,Station_10,Station_19,12
2023-01-23,Bus,Route_6,07:13,07:59,43,Station_11,Station_16,0
2023-01-23,Train,Route_8,22:45,23:36,27,Station_9,Station_19,11
2023-01-23,Train,Route_7,22:00,24:06,26,Station_20,Station_5,8
2023-01-23,Tram,Route_1,05:21,06:51,75,Station_9,Station_18,6
2023-01-23,Tram,Route_8,06:17,07:04,63,Station_10,Station_18,14
2023-01-23,Train,Route_5,07:57,09:46,12,Station_7,Station_5,1
2023-01-23,Metro,Route_10,17:06,18:52,96,Station_13,Station_12,4
2023-01-23,Bus,Route_9,22:53,22:56,49,Station_17,Station_11,1
2023-01-23,Bus,Route_3,11:12,12:47,70,Station_15,Station_1,1
2023-01-23,Bus,Route_9,19:11,21:06,76,Station_14,Station_12,8
2023-01-23,Bus,Route_6,05:57,07:25,9,Station_20,Station_1,14
2023-01-23,Tram,Route_6,11:00,11:45,22,Station_20,Station_18,12
2023-01-23,Train,Route_1,21:35,21:57,20,Station_5,Station_8,9
2023-01-23,Metro,Route_10,07:31,08:03,67,Station_3,Station_16,13
2023-01-23,Tram,Route_10,06:35,07:59,4,Station_8,Station_3,11
2023-01-23,Train,Route_10,18:07,18:35,28,Station_20,Station_18,5
2023-01-23,Tram,Route_7,09:52,10:54,99,Station_10,Station_14,9
2023-01-23,Metro,Route_3,14:03,16:09,90,Station_7,Station_6,14
2023-01-23,Train,Route_3,17:58,19:52,43,Station_14,Station_2,4
2023-01-23,Metro,Route_10,05:26,06:03,46,Station_14,Station_17,13
2023-01-23,Bus,Route_4,06:26,07:44,27,Station_3,Station_15,4
2023-01-23,Train,Route_1,13:55,15:21,8,Station_15,Station_17,1
2023-01-23,Train,Route_5,12:37,14:27,62,Station_12,Station_4,15
2023-01-23,Metro,Route_1,15:43,16:55,83,Station_9,Station_20,11
2023-01-23,Train,Route_8,22:43,23:28,70,Station_9,Station_19,10
2023-01-23,Bus,Route_3,15:05,16:54,14,Station_11,Station_9,4
2023-01-23,Metro,Route_6,13:32,14:48,28,Station_3,Station_1,2
2023-01-23,Train,Route_2,20:14,20:56,92,Station_18,Station_7,5
2023-01-24,Bus,Route_6,16:13,17:15,56,Station_20,Station_20,6
2023-01-24,Metro,Route_10,15:55,18:02,60,Station_7,Station_8,15
2023-01-24,Bus,Route_10,15:01,15:50,34,Station_3,Station_11,5
2023-01-24,Tram,Route_3,21:42,22:39,27,Station_15,Station_14,15
2023-01-24,Tram,Route_3,21:51,22:17,33,Station_15,Station_7,2
2023-01-24,Train,Route_7,10:13,12:01,40,Station_7,Station_5,9
2023-01-24,Tram,Route_8,15:18,16:44,91,Station_4,Station_6,3
2023-01-24,Metro,Route_7,17:09,17:50,99,Station_16,Station_9,14
2023-01-24,Train,Route_8,17:51,19:52,87,Station_13,Station_1,11
2023-01-24,Metro,Route_9,09:46,11:02,60,Station_13,Station_20,9
2023-01-24,Tram,Route_7,07:07,08:00,71,Station_18,Station_3,2
2023-01-24,Train,Route_9,21:54,23:15,4,Station_2,Station_19,3
2023-01-24,Train,Route_2,22:49,24:27,76,Station_7,Station_16,13
2023-01-24,Train,Route_5,07:21,09:11,11,Station_4,Station_7,11
2023-01-24,Train,Route_1,20:48,22:27,22,Station_7,Station_3,8
2023-01-24,Tram,Route_1,22:03,23:08,45,Station_20,Station_15,4
2023-01-24,Bus,Route_7,11:57,13:14,76,Station_3,Station_19,8
2023-01-24,Metro,Route_3,17:41,18:24,21,Station_14,Station_16,0
2023-01-24,Bus,Route_6,16:41,17:59,98,Station_13,Station_14,9
2023-01-24,Metro,Route_8,11:31,11:40,85,Station_15,Station_14,5
2023-01-24,Tram,Route_6,08:33,10:30,71,Station_3,Station_13,10
2023-01-24,Bus,Route_3,07:11,09:03,85,Station_8,Station_6,1
2023-01-24,Train,Route_9,16:24,17:02,14,Station_15,Station_13,5
2023-01-24,Train,Route_6,15:58,16:58,72,Station_19,Station_2,9
2023-01-24,Tram,Route_6,08:14,08:52,31,Station_9,Station_11,0
2023-01-24,Bus,Route_9,22:30,23:02,73,Station_9,Station_4,0
2023-01-24,Tram,Route_9,16:57,18:55,96,Station_3,Station_5,6
2023-01-24,Tram,Route_4,16:08,17:54,59,Station_14,Station_18,6
2023-01-24,Metro,Route_4,21:13,22:38,24,Station_5,Station_5,10
2023-01-24,Tram,Route_2,09:44,11:07,29,Station_6,Station_2,8
2023-01-24,Metro,Route_1,06:56,07:33,16,Station_17,Station_19,14
2023-01-24,Tram,Route_1,11:28,12:19,17,Station_13,Station_4,0
2023-01-25,Bus,Route_1,20:37,21:30,81,Station_18,Station_17,6
2023-01-25,Bus,Route_6,06:35,07:43,1,Station_19,Station_8,2
2023-01-25,Bus,Route_3,13:54,15:01,26,Station_19,Station_12,10
2023-01-25,Metro,Route_4,05:02,06:47,9,Station_14,Station_12,5
2023-01-25,Bus,Route_4,16:33,17:12,17,Station_4,Station_18,2
2023-01-25,Bus,Route_4,21:01,22:54,32,Station_6,Station_1,14
2023-01-25,Metro,Route_9,13:01,13:28,21,Station_2,Station_1,8
2023-01-25,Train,Route_2,08:21,08:44,83,Station_14,Station_20,7
2023-01-25,Bus,Route_8,09:26,09:44,22,Station_4,Station_19,8
2023-01-25,Tram,Route_2,17:18,18:37,79,Station_1,Station_3,12
2023-01-25,Train,Route_6,06:07,07:45,54,Station_4,Station_18,6
2023-01-25,Tram,Route_3,09:37,09:52,72,Station_4,Station_9,4
2023-01-25,Train,Route_8,08:31,09:07,5,Station_10,Station_10,4
2023-01-25,Bus,Route_8,15:30,16:33,36,Station_11,Station_4,9
2023-01-25,Train,Route_4,19:18,20:11,54,Station_18,Station_12,3
2023-01-25,Metro,Route_5,14:26,15:45,93,Station_6,Station_16,15
2023-01-25,Bus,Route_7,09:51,10:23,33,Station_16,Station_3,3
2023-01-25,Tram,Route_5,16:50,18:44,76,Station_11,Station_16,1
2023-01-25,Tram,Route_1,14:36,16:38,41,Station_18,Station_11,6
2023-01-25,Tram,Route_10,20:43,21:47,42,Station_11,Station_1,12
2023-01-25,Bus,Route_5,20:05,22:00,14,Station_4,Station_8,3
2023-01-25,Train,Route_9,08:19,09:45,10,Station_17,Station_10,13
2023-01-25,Tram,Route_3,10:34,12:47,49,Station_1,Station_11,13
2023-01-25,Metro,Route_1,05:29,06:41,4,Station_18,Station_12,14
2023-01-25,Train,Route_5,19:55,21:13,29,Station_17,Station_4,15
2023-01-25,Tram,Route_9,20:44,21:36,75,Station_11,Station_5,4
2023-01-25,Tram,Route_4,12:08,14:02,97,Station_7,Station_12,1
2023-01-25,Train,Route_1,15:30,16:24,27,Station_15,Station_12,4
2023-01-25,Train,Route_10,14:22,15:18,58,Station_11,Station_3,14
2023-01-25,Train,Route_7,09:00,10:21,81,Station_15,Station_14,11
2023-01-25,Metro,Route_7,15:23,16:23,69,Station_10,Station_14,13
2023-01-25,Tram,Route_4,20:42,22:28,41,Station_12,Station_16,12
2023-01-26,Metro,Route_7,22:25,23:15,76,Station_10,Station_17,25
2023-01-26,Train,Route_1,18:14,20:32,75,Station_17,Station_17,42
2023-01-26,Tram,Route_2,13:57,16:13,30,Station_15,Station_17,64
2023-01-26,Metro,Route_2,19:28,21:12,56,Station_19,Station_4,51
2023-01-26,Bus,Route_7,16:53,17:35,54,Station_14,Station_3,14
2023-01-26,Metro,Route_2,13:00,14:50,2,Station_2,Station_10,43
2023-01-26,Tram,Route_5,10:18,11:52,31,Station_3,Station_7,19
2023-01-26,Train,Route_4,06:58,08:45,71,Station_15,Station_11,62
2023-01-26,Tram,Route_8,12:45,14:16,43,Station_12,Station_12,35
2023-01-26,Train,Route_4,21:57,22:26,8,Station_10,Station_19,18
2023-01-26,Bus,Route_3,15:09,16:21,33,Station_20,Station_4,68
2023-01-26,Train,Route_7,15:22,16:54,58,Station_4,Station_12,47
2023-01-26,Train,Route_7,18:12,20:19,58,Station_7,Station_7,18
2023-01-26,Tram,Route_6,16:14,18:19,53,Station_14,Station_7,55
2023-01-26,Tram,Route_3,13:22,14:49,36,Station_8,Station_1,31
2023-01-26,Tram,Route_5,10:41,11:32,86,Station_12,Station_8,33
2023-01-26,Metro,Route_1,06:54,08:55,19,Station_16,Station_14,69
2023-01-26,Tram,Route_8,18:51,20:41,58,Station_6,Station_1,61
2023-01-26,Bus,Route_5,09:09,10:18,99,Station_14,Station_4,22
2023-01-26,Tram,Route_8,08:47,10:02,39,Station_1,Station_12,48
2023-01-26,Tram,Route_9,16:43,17:34,38,Station_10,Station_8,17
2023-01-26,Train,Route_10,12:46,14:44,61,Station_4,Station_18,43
2023-01-26,Metro,Route_2,08:58,09:52,71,Station_16,Station_16,42
2023-01-26,Bus,Route_10,08:25,11:06,62,Station_9,Station_4,45
2023-01-26,Train,Route_3,08:50,11:02,36,Station_15,Station_11,34
2023-01-26,Train,Route_7,16:31,19:32,39,Station_3,Station_17,67
2023-01-26,Tram,Route_6,17:00,17:57,22,Station_11,Station_3,24
2023-01-26,Tram,Route_6,13:35,14:56,51,Station_18,Station_11,50
2023-01-26,Tram,Route_9,16:23,18:00,97,Station_15,Station_18,41
2023-01-26,Metro,Route_3,14:10,16:24,51,Station_9,Station_4,57
2023-01-26,Bus,Route_8,08:14,09:59,14,Station_5,Station_16,29
2023-01-26,Train,Route_4,09:55,12:23,6,Station_17,Station_18,48
2023-01-27,Train,Route_10,11:58,13:11,47,Station_19,Station_6,14
2023-01-27,Train,Route_4,07:17,08:25,67,Station_7,Station_16,13
2023-01-27,Tram,Route_2,20:32,21:39,98,Station_10,Station_4,10
2023-01-27,Train,Route_4,09:18,10:52,28,Station_8,Station_17,12
2023-01-27,Bus,Route_9,08:02,09:42,12,Station_13,Station_18,0
2023-01-27,Bus,Route_7,06:35,08:01,78,Station_11,Station_5,12
2023-01-27,Metro,Route_7,07:20,08:36,15,Station_17,Station_10,6
2023-01-27,Tram,Route_3,08:30,09:54,24,Station_14,Station_15,3
2023-01-27,Tram,Route_7,14:33,15:39,6,Station_3,Station_6,3
2023-01-27,Tram,Route_3,07:47,09:46,95,Station_13,Station_3,10
2023-01-27,Bus,Route_1,05:19,06:22,24,Station_20,Station_17,9
2023-01-27,Train,Route_9,16:12,16:44,10,Station_1,Station_12,14
2023-01-27,Train,Route_2,16:28,17:55,57,Station_10,Station_6,6
2023-01-27,Train,Route_2,12:12,13:34,83,Station_16,Station_13,0
2023-01-27,Tram,Route_7,09:32,11:04,58,Station_10,Station_7,4
2023-01-27,Metro,Route_10,06:29,07:15,43,Station_6,Station_11,15
2023-01-27,Train,Route_8,13:54,14:42,48,Station_11,Station_4,11
2023-01-27,Tram,Route_7,14:26,15:50,95,Station_14,Station_4,10
2023-01-27,Tram,Route_1,21:15,22:51,3,Station_10,Station_5,3
2023-01-27,Metro,Route_2,05:51,07:27,31,Station_17,Station_15,15
2023-01-27,Train,Route_4,10:58,12:32,3,Station_18,Station_4,8
2023-01-27,Tram,Route_7,05:12,06:36,27,Station_15,Station_16,9
2023-01-27,Train,Route_3,16:33,17:02,94,Station_4,Station_9,10
2023-01-27,Train,Route_10,07:01,07:54,40,Station_5,Station_15,5
2023-01-27,Metro,Route_4,20:44,22:31,94,Station_3,Station_16,8
2023-01-27,Tram,Route_1,12:17,13:35,76,Station_2,Station_4,3
2023-01-27,Bus,Route_1,21:24,22:27,70,Station_17,Station_2,13
2023-01-27,Bus,Route_6,12:42,14:39,41,Station_17,Station_13,13
2023-01-27,Metro,Route_7,10:50,11:40,53,Station_18,Station_7,1
2023-01-27,Metro,Route_1,12:10,12:43,90,Station_1,Station_9,9
2023-01-27,Tram,Route_1,18:57,20:12,19,Station_16,Station_16,0
2023-01-27,Bus,Route_9,08:53,09:02,70,Station_1,Station_13,8
2023-01-28,Train,Route_2,13:16,14:16,85,Station_14,Station_9,5
2023-01-28,Bus,Route_1,19:31,20:42,66,Station_2,Station_6,7
2023-01-28,Train,Route_9,05:39,07:08,87,Station_4,Station_18,12
2023-01-28,Bus,Route_1,10:37,12:00,62,Station_14,Station_5,4
2023-01-28,Train,Route_8,07:07,08:21,26,Station_5,Station_16,4
2023-01-28,Tram,Route_6,06:55,07:23,74,Station_11,Station_15,0
2023-01-28,Metro,Route_9,10:05,12:07,42,Station_13,Station_9,5
2023-01-28,Metro,Route_9,11:04,11:48,70,Station_12,Station_12,0
2023-01-28,Metro,Route_3,16:43,18:14,79,Station_15,Station_18,8
2023-01-28,Train,Route_2,09:16,09:40,62,Station_11,Station_15,11
2023-01-28,Bus,Route_4,05:10,07:16,41,Station_12,Station_8,10
2023-01-28,Metro,Route_9,09:16,11:02,15,Station_17,Station_18,3
2023-01-28,Tram,Route_5,14:24,15:31,89,Station_11,Station_18,5
2023-01-28,Bus,Route_6,17:47,19:12,20,Station_9,Station_7,8
2023-01-28,Bus,Route_7,11:24,12:40,41,Station_7,Station_7,0
2023-01-28,Bus,Route_4,19:51,21:20,72,Station_3,Station_14,9
2023-01-28,Bus,Route_6,03:49,05:47,99,Station_13,Station_9,1
2023-01-28,Metro,Route_8,15:09,16:10,84,Station_2,Station_7,2
2023-01-28,Bus,Route_2,09:02,09:41,15,Station_14,Station_17,15
2023-01-28,Train,Route_10,21:40,23:33,69,Station_13,Station_2,7
2023-01-28,Train,Route_3,14:44,16:47,71,Station_7,Station_8,4
2023-01-28,Bus,Route_3,12:11,13:16,32,Station_5,Station_7,13
2023-01-28,Metro,Route_6,11:09,11:39,61,Station_20,Station_4,12
2023-01-28,Train,Route_6,19:27,20:26,82,Station_8,Station_19,4
2023-01-28,Train,Route_3,05:00,06:23,32,Station_15,Station_6,2
2023-01-28,Train,Route_4,10:35,12:21,32,Station_12,Station_19,4
2023-01-28,Bus,Route_10,19:45,20:43,1,Station_15,Station_19,5
2023-01-28,Train,Route_1,07:14,07:57,97,Station_9,Station_1,6
2023-01-28,Metro,Route_6,11:47,12:00,79,Station_15,Station_20,2
2023-01-28,Bus,Route_1,21:18,21:36,59,Station_16,Station_1,8
2023-01-28,Bus,Route_2,14:43,16:32,95,Station_13,Station_18,15
2023-01-28,Metro,Route_9,19:13,19:43,79,Station_11,Station_11,13
2023-01-29,Train,Route_7,17:00,17:31,21,Station_4,Station_10,1
2023-01-29,Bus,Route_10,07:26,08:57,8,Station_6,Station_5,4
2023-01-29,Tram,Route_6,11:44,12:24,50,Station_8,Station_6,11
2023-01-29,Tram,Route_1,14:36,14:50,37,Station_3,Station_9,3
2023-01-29,Metro,Route_8,12:39,13:38,54,Station_16,Station_1,7
2023-01-29,Metro,Route_8,19:30,21:32,15,Station_20,Station_5,12
2023-01-29,Bus,Route_6,18:03,18:58,81,Station_13,Station_1,2
2023-01-29,Bus,Route_2,21:11,22:58,22,Station_12,Station_10,13
2023-01-29,Tram,Route_7,11:52,13:01,14,Station_3,Station_8,8
2023-01-29,Bus,Route_5,18:56,20:09,38,Station_2,Station_3,14
2023-01-29,Tram,Route_9,11:04,11:42,37,Station_4,Station_14,13
2023-01-29,Tram,Route_10,05:45,07:28,53,Station_15,Station_15,7
2023-01-29,Tram,Route_2,11:15,12:21,74,Station_5,Station_9,4
2023-01-29,Tram,Route_6,20:46,22:24,94,Station_6,Station_18,15
2023-01-29,Metro,Route_3,07:41,09:04,13,Station_13,Station_5,11
2023-01-29,Bus,Route_2,07:25,09:21,73,Station_7,Station_13,13
2023-01-29,Tram,Route_4,18:05,18:26,74,Station_7,Station_16,8
2023-01-29,Train,Route_1,19:59,21:22,100,Station_19,Station_4,5
2023-01-29,Train,Route_3,21:45,22:04,52,Station_5,Station_10,9
2023-01-29,Bus,Route_10,11:16,12:15,86,Station_2,Station_15,2
2023-01-29,Bus,Route_7,12:58,13:52,73,Station_7,Station_20,15
2023-01-29,Metro,Route_8,18:44,20:32,39,Station_17,Station_1,12
2023-01-29,Metro,Route_6,18:16,18:48,70,Station_18,Station_4,2
2023-01-29,Bus,Route_9,20:43,21:13,62,Station_2,Station_18,7
2023-01-29,Metro,Route_1,20:09,21:48,71,Station_19,Station_11,10
2023-01-29,Tram,Route_8,08:25,10:36,51,Station_8,Station_15,12
2023-01-29,Metro,Route_6,08:16,09:14,40,Station_7,Station_11,3
2023-01-29,Train,Route_5,18:33,19:35,90,Station_5,Station_3,5
2023-01-29,Tram,Route_6,11:45,13:31,67,Station_20,Station_12,12
2023-01-29,Tram,Route_3,17:45,19:17,95,Station_6,Station_5,7
2023-01-29,Train,Route_7,09:38,09:51,48,Station_6,Station_14,3
2023-01-29,Metro,Route_5,18:12,19:12,42,Station_13,Station_1,10
2023-01-30,Metro,Route_5,07:30,09:17,92,Station_12,Station_11,10
2023-01-30,Train,Route_5,06:29,07:00,19,Station_8,Station_14,1
2023-01-30,Train,Route_3,07:17,08:56,58,Station_4,Station_20,1
2023-01-30,Bus,Route_6,21:48,22:26,38,Station_16,Station_7,7
2023-01-30,Train,Route_2,05:17,06:29,63,Station_20,Station_6,3
2023-01-30,Bus,Route_10,12:58,14:22,5,Station_2,Station_19,9
2023-01-30,Bus,Route_3,21:05,22:08,30,Station_9,Station_11,2
2023-01-30,Metro,Route_4,13:55,14:50,76,Station_12,Station_12,7
2023-01-30,Tram,Route_1,17:56,19:11,63,Station_9,Station_16,3
2023-01-30,Train,Route_6,22:39,23:51,93,Station_14,Station_2,10
2023-01-30,Metro,Route_9,22:01,22:14,62,Station_13,Station_7,10
2023-01-30,Tram,Route_8,09:31,11:35,79,Station_17,Station_9,11
2023-01-30,Tram,Route_7,21:44,23:28,20,Station_20,Station_8,12
2023-01-30,Metro,Route_4,09:02,09:48,62,Station_4,Station_18,11
2023-01-30,Train,Route_3,13:09,14:21,45,Station_1,Station_15,2
2023-01-30,Metro,Route_4,13:58,15:13,8,Station_19,Station_3,15
2023-01-30,Metro,Route_3,18:29,19:39,19,Station_1,Station_6,12
2023-01-30,Metro,Route_1,16:39,17:02,62,Station_14,Station_10,10
2023-01-30,Bus,Route_2,05:27,06:41,77,Station_6,Station_7,5
2023-01-30,Metro,Route_6,10:11,10:24,50,Station_9,Station_19,3
2023-01-30,Train,Route_8,18:54,20:26,97,Station_14,Station_15,7
2023-01-30,Metro,Route_2,07:34,08:18,4,Station_20,Station_6,3
2023-01-30,Metro,Route_9,18:13,18:57,94,Station_6,Station_5,4
2023-01-30,Tram,Route_5,18:59,19:53,9,Station_9,Station_7,6
2023-01-30,Train,Route_6,19:43,20:36,19,Station_13,Station_2,11
2023-01-30,Tram,Route_4,06:31,07:21,23,Station_14,Station_2,4
2023-01-30,Train,Route_6,08:03,09:10,36,Station_14,Station_11,8
2023-01-30,Metro,Route_5,18:18,19:34,5,Station_12,Station_17,10
2023-01-30,Bus,Route_2,15:01,16:22,87,Station_18,Station_5,0
2023-01-30,Tram,Route_6,20:38,21:06,18,Station_15,Station_7,7
2023-01-30,Bus,Route_10,07:32,09:25,78,Station_20,Station_13,9
2023-01-30,Metro,Route_8,14:43,15:53,27,Station_7,Station_18,7
